-- phpMyAdmin SQL Dump
-- version 4.7.5
-- https://www.phpmyadmin.net/
--
-- Host: localhost
-- Generation Time: Dec 28, 2017 at 03:32 AM
-- Server version: 5.5.41-MariaDB-log
-- PHP Version: 7.1.11

SET SQL_MODE = "NO_AUTO_VALUE_ON_ZERO";
SET AUTOCOMMIT = 0;
START TRANSACTION;
SET time_zone = "+00:00";


/*!40101 SET @OLD_CHARACTER_SET_CLIENT=@@CHARACTER_SET_CLIENT */;
/*!40101 SET @OLD_CHARACTER_SET_RESULTS=@@CHARACTER_SET_RESULTS */;
/*!40101 SET @OLD_COLLATION_CONNECTION=@@COLLATION_CONNECTION */;
/*!40101 SET NAMES utf8mb4 */;

--
-- Database: `zp10571_moonp`
--

-- --------------------------------------------------------

--
-- Table structure for table `members`
--

CREATE TABLE `members` (
  `id` int(50) NOT NULL,
  `username` varchar(50) NOT NULL,
  `password` varchar(50) NOT NULL,
  `fname` varchar(50) NOT NULL,
  `lname` varchar(50) NOT NULL,
  `email` text NOT NULL,
  `phone` text NOT NULL,
  `sex` varchar(10) NOT NULL,
  `birthday` text NOT NULL,
  `Status` text NOT NULL,
  `created_at` timestamp NOT NULL DEFAULT CURRENT_TIMESTAMP ON UPDATE CURRENT_TIMESTAMP,
  `updated_at` timestamp NOT NULL DEFAULT '0000-00-00 00:00:00'
) ENGINE=InnoDB DEFAULT CHARSET=utf8;

--
-- Dumping data for table `members`
--

INSERT INTO `members` (`id`, `username`, `password`, `fname`, `lname`, `email`, `phone`, `sex`, `birthday`, `Status`, `created_at`, `updated_at`) VALUES
(1, 'sss', 'sss', 'aaa', 'aaa', 'aaaa', '123123', '', '123', 'admin', '2017-12-12 04:15:04', '0000-00-00 00:00:00'),
(10, 'Cardlehellz', 'Cardlehellz8523', 'Jdkbx', 'Hebdix', 'hsbusskbe@hotnail.vom', ',hotmail.com', 'ชาย', '2017-05-18', 'member', '2017-12-12 04:15:10', '2017-05-04 23:47:22'),
(29, '', '19112356', '', '', '', '0874663441', 'ชาย', '', 'member', '2017-12-16 10:45:05', '0000-00-00 00:00:00'),
(46, 'qqq', 'qqq', 'qqq', 'qqq', 'ball085573@hotmail.com', '874663441', 'หญิง', '2017-12-05', 'member', '2017-12-23 13:25:33', '0000-00-00 00:00:00'),
(48, '0817887932', '1234', 'Wipawan ', 'Buathong ', 'w.buathong@pkru.ac.th', '0817887932', 'หญิง', '1995-12-25', 'member', '2017-12-25 03:53:24', '0000-00-00 00:00:00'),
(49, 'Fkmd2540', '123456', 'กิตตินันท์', 'พลรบ', 'kittinanpolrob@gmail.com', '0618642263', 'ชาย', '1997-04-18', 'admin', '2017-12-26 18:06:16', '0000-00-00 00:00:00'),
(51, '123123', '123', '123', '123', 'ball085573@hotmail.com', '1231231231', 'ชาย', '2017-12-20', 'member', '2017-12-26 11:26:39', '0000-00-00 00:00:00'),
(52, 'panupan', 'panupan', 'panupan', 'panupan', 'pjarupunphol@gmail.com', '0811111111', 'ชาย', '2017-12-05', 'member', '2017-12-27 06:52:34', '0000-00-00 00:00:00'),
(53, '11111', '11111', '11111', '11111', '11111@hotmailcom', '11111', 'ชาย', '2018-12-27', 'member', '2017-12-27 09:16:07', '0000-00-00 00:00:00');

-- --------------------------------------------------------

--
-- Table structure for table `tb_detail`
--

CREATE TABLE `tb_detail` (
  `id_order` int(11) NOT NULL,
  `id_prd` int(11) NOT NULL,
  `name_prd` varchar(100) NOT NULL,
  `qty` int(11) NOT NULL,
  `price` float NOT NULL
) ENGINE=InnoDB DEFAULT CHARSET=utf8;

--
-- Dumping data for table `tb_detail`
--

INSERT INTO `tb_detail` (`id_order`, `id_prd`, `name_prd`, `qty`, `price`) VALUES
(2, 30, 'One M9 Plus 32GB', 2, 16900),
(2, 31, 'G7 Plus', 1, 7990),
(4, 34, 'Zenfone2', 1, 5990),
(5, 14, 'K5 Note [A7020]-7490', 1, 7490),
(5, 9, 'Xperia X', 1, 15990),
(5, 35, 'Zenfone3', 1, 11990),
(6, 13, 'IdeaTab3 730X', 1, 5290),
(7, 13, 'IdeaTab3 730X', 1, 5290),
(12, 13, 'IdeaTab3 730X', 10, 5290),
(13, 9, 'หนังสือ', 1, 2),
(14, 39, 'ss', 1, 2),
(14, 38, 'กระดาษลัง', 1, 4),
(14, 40, 'เหล็กหนาพิเศษซอยสั้น', 1, 9),
(14, 42, ' เหล็กหนาซอยสั้นๆ ', 1, 8),
(14, 44, 'เหล็กหนาไม่ซอย', 1, 4),
(14, 43, '12313', 1, 0),
(15, 42, ' เหล็กหนาซอยสั้นๆ ', 1, 8),
(16, 42, ' เหล็กหนาซอยสั้นๆ ', 1, 8),
(16, 40, 'เหล็กหนาพิเศษซอยสั้น', 1, 9),
(16, 43, '12313', 1, 0),
(18, 42, ' เหล็กหนาซอยสั้นๆ ', 1, 8),
(18, 44, 'เหล็กหนาไม่ซอย', 1, 4),
(18, 40, 'เหล็กหนาพิเศษซอยสั้น', 1, 9),
(19, 42, ' เหล็กหนาซอยสั้นๆ ', 1, 8),
(20, 38, 'กระดาษลัง', 1, 4),
(21, 38, 'กระดาษลัง', 1, 4),
(23, 38, 'กระดาษลัง', 1, 4),
(38, 69, ' เหล็กหนาซอยสั้นๆ (ความยาวไม่เกิน 80 ซม.)', 30, 9),
(38, 72, 'เหล็กย่อยไม่ซอย', 25, 9),
(39, 68, 'เหล็กหนาพิเศษซอยสั้น', 20, 9),
(39, 70, 'เหล็กหนาไม่ซอย', 10, 4),
(40, 102, '111', 1, 1.76),
(41, 102, '111', 1, 1.76),
(42, 102, '111', 1, 1.76),
(43, 102, '111', 1, 1.76),
(44, 104, 'เหล็กหนาพิเศษซอยสั้น', 10, 8.8),
(44, 105, 'No.1 ขวดน้ํา PET ใส', 1, 5.75),
(46, 106, ' เหล็กหนาพิเศษซอยสั้น', 10, 8.8),
(46, 120, ' ขวดเบียร์ช้าง(เขียว)/กล่อง/สะอาด', 30, 12),
(46, 130, 'พลาสติกรวมสี ', 8, 6);

-- --------------------------------------------------------

--
-- Table structure for table `tb_order`
--

CREATE TABLE `tb_order` (
  `id_order` int(11) NOT NULL,
  `username` varchar(200) NOT NULL,
  `tel` varchar(50) NOT NULL,
  `district1` text NOT NULL,
  `district2` text NOT NULL,
  `total` float NOT NULL,
  `date_order` date NOT NULL,
  `operator` text NOT NULL
) ENGINE=InnoDB DEFAULT CHARSET=utf8;

--
-- Dumping data for table `tb_order`
--

INSERT INTO `tb_order` (`id_order`, `username`, `tel`, `district1`, `district2`, `total`, `date_order`, `operator`) VALUES
(38, '0874663441', '0874663441', 'อำเภอถลาง', 'ป่าคลอก', 473, '2017-12-19', '08746634412'),
(39, 'nunpon', '', 'อำเภอกะทู้', 'ป่าตอง', 218, '2017-12-19', 'aaa'),
(40, '', '', 'อำเภอเมืองภูเก็ต', 'ตลาดใหญ่', 2, '2017-12-22', 'sss'),
(41, '', '', 'อำเภอเมืองภูเก็ต', 'ตลาดใหญ่', 1.76, '2017-12-22', 'sss'),
(42, 'aaa', '', 'อำเภอกะทู้', 'ป่าตอง', 1.76, '2017-12-22', 'sss'),
(43, 'Sss', '', 'อำเภอเมืองภูเก็ต', 'ตลาดใหญ่', 1.76, '2017-12-22', 'sss'),
(44, '0817887932', '', 'อำเภอเมืองภูเก็ต', 'เกาะแก้ว', 93.75, '2017-12-25', 'sss'),
(46, 'panupan', '0874663441', 'อำเภอเมืองภูเก็ต', 'ฉลอง', 496, '2017-12-27', 'sss');

-- --------------------------------------------------------

--
-- Table structure for table `tb_products`
--

CREATE TABLE `tb_products` (
  `id_prd` int(11) NOT NULL,
  `Status` text NOT NULL,
  `name_prd` varchar(100) NOT NULL,
  `detail_prd` text NOT NULL,
  `price_prd` float NOT NULL,
  `Date` text NOT NULL,
  `photo_prd` varchar(200) NOT NULL,
  `ref_id_type` int(11) NOT NULL
) ENGINE=InnoDB DEFAULT CHARSET=utf8;

--
-- Dumping data for table `tb_products`
--

INSERT INTO `tb_products` (`id_prd`, `Status`, `name_prd`, `detail_prd`, `price_prd`, `Date`, `photo_prd`, `ref_id_type`) VALUES
(45, 'เปิด', '121', 'Null', 10, '2017-12-13', 'Null', 2),
(46, 'เปิด', 'text date1', 'Null', 3.41, '2017-12-13', 'Null', 2),
(47, 'เปิด', '123', 'Null', 1, '2017-12-13', 'Null', 2),
(52, 'เปิด', '123', 'Null', 1, '13-12-2017', 'Null', 2),
(53, 'ปิด', '222', 'Null', 3.41, '13-12-2017', 'Null', 7),
(54, 'เปิด', '555', 'Null', 30, '13-12-2017', 'Null', 6),
(55, 'เปิด', '333', 'Null', 1, '13-12-2017', 'Null', 3),
(56, 'ปิด', 'text date2', 'Null', 3, '13-12-2017', 'Null', 2),
(57, 'ปิด', '444', 'Null', 1, '13-12-2017', 'Null', 6),
(58, 'เปิด', '333', 'Null', 3, '13-12-2017', 'Null', 5),
(59, 'ปิด', '341', 'Null', 1, '13-12-2017', 'Null', 5),
(60, 'เปิด', 'ไำพไำพ', 'Null', 33, '13-12-2017', 'Null', 4),
(61, 'ปิด', 'text date3', 'Null', 3, '13-12-2017', 'Null', 4),
(62, 'เปิด', 'ขวดเพชร ขนาด 1 ลิตร', 'Null', 1, '13-12-2017', 'Null', 5),
(63, 'เปิด', '111', 'Null', 3.12, '14-12-2017', 'Null', 2),
(64, 'ปิด', '222', '', 1.09, '14-12-2017', 'Null', 2),
(65, 'เปิด', '333', 'Null', 10, '14-12-2017', 'Null', 6),
(66, 'เปิด', '11', 'Null', 3.1, '15-12-2017', 'Null', 3),
(67, 'เปิด', 'ยางเก่า', '', 30, '19-12-2017', 'Null', 7),
(68, 'เปิด', 'เหล็กหนาพิเศษซอยสั้น', 'Null', 8.8, '19-12-2017', 'Null', 2),
(69, 'เปิด', ' เหล็กหนาซอยสั้นๆ (ความยาวไม่เกิน 80 ซม.)', 'Null', 8.6, '19-12-2017', 'Null', 2),
(70, 'เปิด', 'เหล็กหนาไม่ซอย', 'Null', 4.2, '19-12-2017', 'Null', 2),
(71, 'เปิด', 'เหล็กย่อยซอยสั้นๆ (ความยาวไม่เกิน 50 ซม.)', 'Null', 7.5, '19-12-2017', 'Null', 2),
(72, 'เปิด', 'เหล็กย่อยไม่ซอย', 'Null', 8.6, '19-12-2017', 'Null', 2),
(73, 'เปิด', 'เหล็กโช้คอัพ', 'Null', 5, '19-12-2017', 'Null', 2),
(74, 'เปิด', 'ลวดสลิง(มัดมา) ลวดสลิง(ยุ่งๆ/ไม่มัดมา)', 'Null', 5.1, '18-12-2017', 'Null', 2),
(75, 'ปิด', 'เหล็กตะปู', '', 7.49, '18-12-2017', 'Null', 2),
(76, 'เปิด', ' เหล็กบางซอยสั้นๆ (ความยาวไม่เกิน 50 ซม.)', 'Null', 7.48, '18-12-2017', 'Null', 2),
(77, 'เปิด', 'เหล็กบางไม่ซอย', 'Null', 2.2, '18-12-2017', 'Null', 2),
(78, 'เปิด', 'กระดาษแข็งกล่องน้ําตาล', 'Null', 4.15, '18-12-2017', 'Null', 3),
(79, 'เปิด', 'กระดาษสี/กระดาษกล่อง รองเท้า/กล่องผลไม่', '', 3.29, '18-12-2017', 'Null', 3),
(80, 'เปิด', 'กระดาษหนังสือเล่มรวม', '', 3.4, '18-12-2017', 'Null', 3),
(81, 'เปิด', 'กระดาษย่อยสวย', 'Null', 3.29, '18-12-2017', 'Null', 3),
(82, 'เปิด', 'กระดาษขาว - ดํา', '', 7.29, '18-12-2017', 'Null', 3),
(83, 'เปิด', 'กระดาษสมุด', '', 7.3, '18-12-2017', 'Null', 3),
(84, 'ปิด', ' ขวดเบียร์ช้าง(เขียว)/ใบ ขวดเบียร์ลีโอ/ใบ', '', 0.41, '18-12-2017', 'Null', 4),
(85, 'เปิด', 'No.1 ขวดน้ํา PET ใส', 'Null', 5.75, '18-12-2017', 'Null', 5),
(86, 'เปิด', ' No.2 ขวดน้ําPET(สี) ', 'Null', 2, '18-12-2017', 'Null', 5),
(87, 'ปิด', 'No.3 ขวดน้ําPETใส(สกรีน)', '', 1, '18-12-2017', 'Null', 5),
(88, 'เปิด', 'ขวดน้ําขาว-ขุ่น (HDPE)', 'Null', 15, '18-12-2017', 'Null', 5),
(89, 'เปิด', 'ถังน้ําขาว-ขุ่น20ลิตร (HDPE)', 'Null', 6, '18-12-2017', 'Null', 5),
(90, 'เปิด', 'พลาสติกรวมสี ', 'Null', 6, '18-12-2017', 'Null', 5),
(91, 'เปิด', 'พลาสติกจุกน้ําปลา 0', 'Null', 0.49, '18-12-2017', 'Null', 5),
(92, 'เปิด', 'อลูมิเนียมกระป๋องโค้ก', 'Null', 34, '18-12-2017', 'Null', 6),
(93, 'เปิด', 'อลูมิเนียมหนาทั่วไป', 'Null', 39, '18-12-2017', 'Null', 6),
(94, 'เปิด', 'อลูมิเนียมเครื่อง,ฝาสูบ, ห้องเกียร์,เสื้อสูบ', 'Null', 42, '18-12-2017', 'Null', 6),
(95, 'เปิด', 'อลูมิเนียมลูกสูบใหญ่ ', 'Null', 39, '18-12-2017', 'Null', 6),
(96, 'เปิด', 'อลูมิเนียมหม้อน้ํา ', 'Null', 24, '18-12-2017', 'Null', 6),
(97, 'เปิด', ' เทียนไข(แท่งใหญ่) ', '', 7, '18-12-2017', 'Null', 7),
(98, 'เปิด', 'เศษเทียนไข', 'Null', 4, '18-12-2017', 'Null', 7),
(99, 'เปิด', 'น้ํามันพืชเก่า/กก. (บรรจุขวดน้ํามันพืช)', '', 6, '18-12-2017', 'Null', 7),
(100, 'เปิด', 'น้ํามันพืชเก่า (ปิ๊บใหม่)', 'Null', 230, '18-12-2017', 'Null', 7),
(101, 'ปิด', 'ขวดน้ํา PET ใสในเครือ', '', 6.75, '19-12-2017', 'Null', 5),
(102, 'เปิด', '111', '', 1.76, '22-12-2017', 'Null', 3),
(104, 'เปิด', 'เหล็กหนาพิเศษซอยสั้น', '', 8.8, '25-12-2017', 'Null', 2),
(105, 'เปิด', 'No.1 ขวดน้ํา PET ใส', 'Null', 5.75, '26-12-2017', 'Null', 5),
(107, 'เปิด', ' เหล็กหนาซอยสั้นๆ ', 'Null', 8.86, '27-12-2017', 'Null', 2),
(108, 'เปิด', 'กระดาษแข็งกล่องน้ําตาล', 'Null', 4.15, '27-12-2017', 'Null', 3),
(109, 'เปิด', 'กระดาษขาว - ดํา', '', 7.3, '27-12-2017', 'Null', 3),
(110, 'ปิด', ' ขวดยาฉีดเล็กสีขาว ', '', 1.15, '27-12-2017', 'Null', 4),
(111, 'เปิด', 'เหล็กหนาไม่ซอย ', 'Null', 3.9, '27-12-2017', 'Null', 2),
(112, 'เปิด', ' เหล็กย่อยซอยสั้นๆ', 'Null', 7.5, '27-12-2017', 'Null', 2),
(113, 'เปิด', 'เหล็กย่อยไม่ซอย', 'Null', 3.3, '27-12-2017', 'Null', 2),
(114, 'เปิด', 'เหล็กโช๊คอัพ', 'Null', 5, '27-12-2017', 'Null', 2),
(115, 'เปิด', 'ลวดสลิง(มัดมา)', 'Null', 5.9, '27-12-2017', 'Null', 2),
(116, 'เปิด', 'กระดาษหนังสือเล่มรวม', 'Null', 3.4, '27-12-2017', 'Null', 3),
(117, 'เปิด', 'กระดาษย่อยสวย', 'Null', 3.3, '27-12-2017', 'Null', 3),
(118, 'เปิด', 'กระดาษอาร์ตมัน', '', 3.3, '27-12-2017', 'Null', 3),
(119, 'เปิด', 'กระดาษถุงปูน', 'Null', 3.3, '27-12-2017', 'Null', 3),
(120, 'เปิด', ' ขวดเบียร์ช้าง(เขียว)/กล่อง/สะอาด', 'Null', 12, '27-12-2017', 'Null', 4),
(121, 'เปิด', 'ขวดเบียร์ลีโอ/กล่อง/สะอาด', '', 13, '27-12-2017', 'Null', 4),
(122, 'เปิด', 'ขวดเหล้าขาว/กล่อง(24)', 'Null', 19, '27-12-2017', 'Null', 4),
(123, 'เปิด', 'ขวดน้ําปลา / ใบ', '', 0.7, '27-12-2017', 'Null', 4),
(124, 'เปิด', 'ขวดน้ําปลา / ใบ พร้อมกล่อง', '', 12.5, '27-12-2017', 'Null', 4),
(125, 'เปิด', 'No.1 ขวดน้ํา PET ใส', 'Null', 5.75, '27-12-2017', 'Null', 5),
(126, 'เปิด', ' No.2 ขวดน้ําPET(สี) ', 'Null', 2, '27-12-2017', 'Null', 5),
(127, 'เปิด', 'No.3 ขวดน้ําPETใส(สกรีน)', 'Null', 1, '27-12-2017', 'Null', 5),
(128, 'เปิด', 'ขวดน้ําขาว-ขุ่น (HDPE)', '', 15, '27-12-2017', 'Null', 5),
(129, 'เปิด', 'ถังน้ําขาว-ขุ่น 20ลิตร (HDPE)', '', 6, '27-12-2017', 'Null', 5),
(130, 'เปิด', 'พลาสติกรวมสี ', 'Null', 6, '27-12-2017', 'Null', 5),
(131, 'เปิด', 'อลูมิเนียมกระป๋องโค้ก', 'Null', 34, '27-12-2017', 'Null', 6),
(132, 'เปิด', 'อลูมิเนียมหนาทั่วไป', 'Null', 39, '27-12-2017', 'Null', 6),
(134, 'เปิด', 'อลูมิเนียมลูกสูบใหญ่', 'Null', 39, '27-12-2017', 'Null', 6),
(135, 'เปิด', 'อลูมิเนียมหม้อน้ํา', '', 24, '27-12-2017', 'Null', 6),
(136, 'เปิด', 'อลูมิเนียมล้อแม็กซ', 'Null', 50, '27-12-2017', 'Null', 6),
(137, 'เปิด', 'ทียนไข(แท่งใหญ่) ', 'Null', 7, '27-12-2017', 'Null', 7),
(138, 'เปิด', 'เศษเทียนไข', 'Null', 4, '27-12-2017', 'Null', 7),
(140, 'เปิด', 'น้ํามันพืชเก่า (ปิ๊บใหม่)', 'Null', 230, '27-12-2017', 'Null', 7),
(141, 'เปิด', 'เนื้อมะพร้าว', 'Null', 13.5, '27-12-2017', 'Null', 7),
(142, 'เปิด', 'กากมะพร้าว', '', 6, '27-12-2017', 'Null', 7),
(144, 'ปิด', 'ขวด', '', 9, '27-12-2017', 'Null', 5);

-- --------------------------------------------------------

--
-- Table structure for table `tb_type`
--

CREATE TABLE `tb_type` (
  `id_type` int(11) NOT NULL,
  `name_type` varchar(100) NOT NULL,
  `price_type` float NOT NULL
) ENGINE=InnoDB DEFAULT CHARSET=utf8;

--
-- Dumping data for table `tb_type`
--

INSERT INTO `tb_type` (`id_type`, `name_type`, `price_type`) VALUES
(2, 'ประเภทเศษเหล็ก', 0),
(3, 'ประเภทเศษกระดาษ', 0),
(4, 'ประเภทขวดแก้ว', 0),
(5, 'ประเภทพลาสติก', 0),
(6, 'ประเภทโลหะมีค่าสูง', 0),
(7, 'ประเภทอื่นๆ', 0);

--
-- Indexes for dumped tables
--

--
-- Indexes for table `members`
--
ALTER TABLE `members`
  ADD PRIMARY KEY (`id`);

--
-- Indexes for table `tb_order`
--
ALTER TABLE `tb_order`
  ADD PRIMARY KEY (`id_order`);

--
-- Indexes for table `tb_products`
--
ALTER TABLE `tb_products`
  ADD PRIMARY KEY (`id_prd`);

--
-- Indexes for table `tb_type`
--
ALTER TABLE `tb_type`
  ADD PRIMARY KEY (`id_type`);

--
-- AUTO_INCREMENT for dumped tables
--

--
-- AUTO_INCREMENT for table `members`
--
ALTER TABLE `members`
  MODIFY `id` int(50) NOT NULL AUTO_INCREMENT, AUTO_INCREMENT=54;

--
-- AUTO_INCREMENT for table `tb_order`
--
ALTER TABLE `tb_order`
  MODIFY `id_order` int(11) NOT NULL AUTO_INCREMENT, AUTO_INCREMENT=47;

--
-- AUTO_INCREMENT for table `tb_products`
--
ALTER TABLE `tb_products`
  MODIFY `id_prd` int(11) NOT NULL AUTO_INCREMENT, AUTO_INCREMENT=145;

--
-- AUTO_INCREMENT for table `tb_type`
--
ALTER TABLE `tb_type`
  MODIFY `id_type` int(11) NOT NULL AUTO_INCREMENT, AUTO_INCREMENT=8;
COMMIT;

/*!40101 SET CHARACTER_SET_CLIENT=@OLD_CHARACTER_SET_CLIENT */;
/*!40101 SET CHARACTER_SET_RESULTS=@OLD_CHARACTER_SET_RESULTS */;
/*!40101 SET COLLATION_CONNECTION=@OLD_COLLATION_CONNECTION */;
